cycle,x,y,variant
86789,198,55,mr0
86790,198,55,mr0
86791,198,55,mr0
86792,198,55,mr0
86793,198,55,mr0
86794,198,55,mr0
86795,198,55,mr0
86796,198,55,mr0
86797,198,55,mr0
86798,198,55,mr0
86799,198,55,mr0
86800,198,55,mr0
86801,198,55,mr0
86802,198,55,mr0
86803,198,55,mr0
86804,198,55,mr0
86805,198,55,mr0
86806,198,55,mr0
86807,198,55,mr0
86808,198,55,mr0
86809,198,55,mr0
86810,198,55,mr0
86811,198,55,mr0
86812,198,55,mr0
86813,198,55,mr0
86814,198,55,mr0
86815,198,55,mr0
86816,198,55,mr0
86817,198,55,mr0
86818,198,55,mr0
86819,198,55,mr0
86820,198,55,mr0
86821,198,55,mr0
86822,198,55,mr0
86823,198,55,mr0
86824,198,55,mr0
86825,198,55,mr0
86826,198,55,mr0
86827,198,55,mr0
86828,198,55,mr0
86829,198,55,mr0
86830,198,55,mr0
86831,198,55,mr0
86832,198,55,mr0
86833,198,55,mr0
86834,198,55,mr0
86835,198,55,mr0
86836,198,55,mr0
86837,198,55,mr0
86838,198,55,mr0
86839,198,55,mr0
86840,198,55,mr0
86841,198,55,mr0
86842,198,55,mr0
86843,198,55,mr0
86844,198,55,mr0
86845,198,55,mr0
86846,198,55,mr0
86847,198,55,mr0
86848,198,55,mr0
86849,198,55,mr0
86850,198,55,mr0
86851,198,55,mr0
86852,198,55,mr0
86853,198,55,mr0
86854,198,55,mr0
86855,198,55,mr0
86856,198,55,mr0
86857,198,55,mr0
86858,198,55,mr0
86859,198,55,mr0
86860,198,55,mr0
86861,198,55,mr0
86862,198,55,mr0
86863,198,55,mr0
86864,198,55,mr0
86865,198,55,mr0
86866,198,55,mr0
86867,198,55,mr0
86868,198,55,mr0
86869,198,55,mr0
86870,198,55,mr0
86871,198,55,mr0
86872,198,55,mr0
86873,198,55,mr0
86874,198,55,mr0
86875,198,55,mr0
86876,198,55,mr0
86877,198,55,mr0
86878,198,55,mr0
86879,198,55,mr0
86880,198,55,mr0
86881,198,55,mr0
86882,198,55,mr0
86883,198,55,mr0
86884,198,55,mr0
86885,198,55,mr0
86886,198,55,mr0
86887,198,55,mr0
86888,198,55,mr0
86889,198,55,mr0
86890,198,55,mr0
86891,198,55,mr0
86892,198,55,mr0
86893,198,55,mr0
86894,198,55,mr0
86895,198,55,mr0
86896,198,55,mr0
86897,198,55,mr0
86898,198,55,mr0
86899,198,55,mr0
86900,198,55,mr0
86901,198,55,mr0
86902,198,55,mr0
86903,198,55,mr0
86904,198,55,mr0
86905,198,55,mr0
86906,198,55,mr0
86907,198,55,mr0
86908,198,55,mr0
86909,198,55,mr0
86910,198,55,mr0
86911,198,55,mr0
86912,198,55,mr0
86913,198,55,mr0
86914,198,55,mr0
86915,198,55,mr0
86916,198,55,mr0
86917,198,55,mr0
86918,198,55,mr0
86919,198,55,mr0
86920,198,55,mr0
503610,221,72,mr90
503611,221,72,mr90
503612,221,72,mr90
503613,221,72,mr90
503614,221,72,mr90
503615,221,72,mr90
503616,221,72,mr90
503617,221,72,mr90
503618,221,72,mr90
503619,221,72,mr90
503620,221,72,mr90
503621,221,72,mr90
503622,221,72,mr90
503623,221,72,mr90
503624,221,72,mr90
503625,221,72,mr90
503626,221,72,mr90
503627,221,72,mr90
503628,221,72,mr90
503629,221,72,mr90
503630,221,72,mr90
503631,221,72,mr90
503632,221,72,mr90
503633,221,72,mr90
503634,221,72,mr90
503635,221,72,mr90
503636,221,72,mr90
503637,221,72,mr90
503638,221,72,mr90
503639,221,72,mr90
503640,221,72,mr90
503641,221,72,mr90
503642,221,72,mr90
503643,221,72,mr90
503644,221,72,mr90
503645,221,72,mr90
503646,221,72,mr90
503647,221,72,mr90
704002,175,68,mr90
704003,175,68,mr90
